Tiêu đề,Giá,Địa chỉ,Diện tích,Mô tả ngắn
TIN TỨC,null,null,null,null
,null,null,null,null
,null,null,null,null
,null,null,null,null
,null,null,null,null
,null,null,null,null
,null,null,null,null
,null,null,null,null
,null,null,null,null
,null,null,null,null
,null,null,null,null
,null,null,null,null
,null,null,null,null
,null,null,null,null
,null,null,null,null
,null,null,null,null
,null,null,null,null
,null,null,null,null
,null,null,null,null
,null,null,null,null
,null,null,null,null
,null,null,null,null
,null,null,null,null
,null,null,null,null
,null,null,null,null
,null,null,null,null
,null,null,null,null
,null,null,null,null
Liên kết nổi bật,null,null,null,null
,null,null,null,null
,null,null,null,null
,null,null,null,null
,null,null,null,null
,null,null,null,null
,null,null,null,null
